method,dataset,p,k-1,ParTime
basic,out.github,2,3813,282
basic,out.github,4,12230,270
basic,out.github,8,24144,286
basic,out.github,16,39248,314
basic,out.github,32,56049,362
basic,out.github,64,73747,427
basic,out.github,128,93795,525
basic,out.github,256,114752,650
basic,out.github-swap.txt,2,11328,338
basic,out.github-swap.txt,4,19867,336
basic,out.github-swap.txt,8,25410,345
basic,out.github-swap.txt,16,34944,371
basic,out.github-swap.txt,32,47911,423
basic,out.github-swap.txt,64,63025,472
basic,out.github-swap.txt,128,80060,549
basic,out.github-swap.txt,256,99047,647
basic,out.actor-movie,2,52983,982
basic,out.actor-movie,4,112773,1063
basic,out.actor-movie,8,154542,1155
basic,out.actor-movie,16,197347,1214
basic,out.actor-movie,32,238765,1302
basic,out.actor-movie,64,302248,1424
basic,out.actor-movie,128,361041,1521
basic,out.actor-movie,256,443435,1697
basic,out.actor-movie-swap.txt,2,37941,1151
basic,out.actor-movie-swap.txt,4,69982,1163
basic,out.actor-movie-swap.txt,8,122220,1277
basic,out.actor-movie-swap.txt,16,191784,1428
basic,out.actor-movie-swap.txt,32,250713,1583
basic,out.actor-movie-swap.txt,64,293545,1679
basic,out.actor-movie-swap.txt,128,353204,1786
basic,out.actor-movie-swap.txt,256,410413,1916
basic,out.dblp-author,2,455340,14775
basic,out.dblp-author,4,932162,14632
basic,out.dblp-author,8,1406026,14731
basic,out.dblp-author,16,1889999,14140
basic,out.dblp-author,32,2274883,13915
basic,out.dblp-author,64,2518880,13580
basic,out.dblp-author,128,2676076,13133
basic,out.dblp-author,256,2771823,12721
basic,out.dblp-author-swap.txt,2,712231,20619
basic,out.dblp-author-swap.txt,4,986676,21986
basic,out.dblp-author-swap.txt,8,1109320,23226
basic,out.dblp-author-swap.txt,16,1304100,28906
basic,out.dblp-author-swap.txt,32,1489922,28925
basic,out.dblp-author-swap.txt,64,1700317,28809
basic,out.dblp-author-swap.txt,128,1851568,27966
basic,out.dblp-author-swap.txt,256,1985805,26014
basic,reuters.txt,2,88939,65180
basic,reuters.txt,4,229446,90197
basic,reuters.txt,8,436297,142531
basic,reuters.txt,16,727470,247915
basic,reuters.txt,32,1102938,459218
basic,reuters.txt,64,1566898,872808
basic,reuters.txt,128,2126262,1665661
basic,reuters.txt,256,2825494,3149085
basic,reuters-swap.txt,2,106689,35140
basic,reuters-swap.txt,4,252806,35292
basic,reuters-swap.txt,8,538883,36030
basic,reuters-swap.txt,16,982181,37536
basic,reuters-swap.txt,32,1634299,40322
basic,reuters-swap.txt,64,2568329,45037
basic,reuters-swap.txt,128,3872453,53604
basic,reuters-swap.txt,256,5645138,68114
basic,out.trackers,2,428212,239694
basic,out.trackers,4,1100511,277544
basic,out.trackers,8,1818414,350533
basic,out.trackers,16,2631359,488722
basic,out.trackers,32,3501279,750527
basic,out.trackers,64,4515355,1237430
basic,out.trackers,128,5649939,2274305
basic,out.trackers,256,6891020,3837571
basic,out.trackers-swap.txt,2,121365,155628
basic,out.trackers-swap.txt,4,1653000,157258
basic,out.trackers-swap.txt,8,2712872,159156
basic,out.trackers-swap.txt,16,3848010,164202
basic,out.trackers-swap.txt,32,5207822,173569
basic,out.trackers-swap.txt,64,6792018,187453
basic,out.trackers-swap.txt,128,8600892,205337
basic,out.trackers-swap.txt,256,10581313,229111
basic,out.orkut-groupmemberships,2,1439981,434683
basic,out.orkut-groupmemberships,4,5659010,506610
basic,out.orkut-groupmemberships,8,12270938,653517
basic,out.orkut-groupmemberships,16,20462463,946596
basic,out.orkut-groupmemberships,32,29984676,1494515
basic,out.orkut-groupmemberships,64,40100162,2432588
basic,out.orkut-groupmemberships,128,50439603,4031233
basic,out.orkut-groupmemberships,256,61297150,6056292
basic,out.orkut-groupmemberships-swap.txt,2,1277990,340979
basic,out.orkut-groupmemberships-swap.txt,4,3282748,372478
basic,out.orkut-groupmemberships-swap.txt,8,5917134,431717
basic,out.orkut-groupmemberships-swap.txt,16,9661962,521513
basic,out.orkut-groupmemberships-swap.txt,32,14599328,672151
basic,out.orkut-groupmemberships-swap.txt,64,20463567,992760
basic,out.orkut-groupmemberships-swap.txt,128,27233719,1317924
basic,out.orkut-groupmemberships-swap.txt,256,35682304,1815318
basic,enwiki.txt,2,952197,386846
basic,enwiki.txt,4,2024232,375246
basic,enwiki.txt,8,3469313,385039
basic,enwiki.txt,16,5344695,403163
basic,enwiki.txt,32,7776167,430242
basic,enwiki.txt,64,10915943,466469
basic,enwiki.txt,128,15083900,528276
basic,enwiki.txt,256,20758424,620675
basic,enwiki-swap.txt,2,243982,562673
basic,enwiki-swap.txt,4,1091011,608887
basic,enwiki-swap.txt,8,1851265,738658
basic,enwiki-swap.txt,16,2955503,1001205
basic,enwiki-swap.txt,32,4470086,1496742
basic,enwiki-swap.txt,64,6364817,2684024
basic,enwiki-swap.txt,128,8737709,5024418
basic,enwiki-swap.txt,256,11668132,8715573
entropy,out.github,2,2023,375
entropy,out.github,4,11462,378
entropy,out.github,8,23355,398
entropy,out.github,16,37376,353
entropy,out.github,32,53900,394
entropy,out.github,64,71761,473
entropy,out.github,128,91238,582
entropy,out.github,256,112695,718
entropy,out.github-swap.txt,2,5955,373
entropy,out.github-swap.txt,4,17141,377
entropy,out.github-swap.txt,8,25027,391
entropy,out.github-swap.txt,16,33398,419
entropy,out.github-swap.txt,32,45412,461
entropy,out.github-swap.txt,64,59849,527
entropy,out.github-swap.txt,128,76692,627
entropy,out.github-swap.txt,256,95705,729
entropy,out.actor-movie,2,48687,1076
entropy,out.actor-movie,4,106008,1134
entropy,out.actor-movie,8,137352,1206
entropy,out.actor-movie,16,183879,1286
entropy,out.actor-movie,32,221070,1351
entropy,out.actor-movie,64,290070,1493
entropy,out.actor-movie,128,344673,1608
entropy,out.actor-movie,256,424176,2010
entropy,out.actor-movie-swap.txt,2,25168,1501
entropy,out.actor-movie-swap.txt,4,66400,1287
entropy,out.actor-movie-swap.txt,8,114249,1396
entropy,out.actor-movie-swap.txt,16,176916,1534
entropy,out.actor-movie-swap.txt,32,238277,1684
entropy,out.actor-movie-swap.txt,64,282755,1779
entropy,out.actor-movie-swap.txt,128,326586,1887
entropy,out.actor-movie-swap.txt,256,391799,2036
entropy,out.dblp-author,2,406502,15773
entropy,out.dblp-author,4,906969,15859
entropy,out.dblp-author,8,1381858,17803
entropy,out.dblp-author,16,1872469,15800
entropy,out.dblp-author,32,2250426,15478
entropy,out.dblp-author,64,2495522,15050
entropy,out.dblp-author,128,2649175,14418
entropy,out.dblp-author,256,2737996,13774
entropy,out.dblp-author-swap.txt,2,300869,22643
entropy,out.dblp-author-swap.txt,4,981245,23935
entropy,out.dblp-author-swap.txt,8,913575,24782
entropy,out.dblp-author-swap.txt,16,1046098,25903
entropy,out.dblp-author-swap.txt,32,1186135,26804
entropy,out.dblp-author-swap.txt,64,1330589,25003
entropy,out.dblp-author-swap.txt,128,1468865,23285
entropy,out.dblp-author-swap.txt,256,1581055,23458
entropy,reuters.txt,2,80571,51387
entropy,reuters.txt,4,209929,70335
entropy,reuters.txt,8,400965,110534
entropy,reuters.txt,16,654659,224971
entropy,reuters.txt,32,971194,412637
entropy,reuters.txt,64,1364821,788707
entropy,reuters.txt,128,1855003,1527141
entropy,reuters.txt,256,2493191,2825742
entropy,reuters-swap.txt,2,106202,36486
entropy,reuters-swap.txt,4,252079,39012
entropy,reuters-swap.txt,8,535730,40582
entropy,reuters-swap.txt,16,979594,38583
entropy,reuters-swap.txt,32,1627826,40542
entropy,reuters-swap.txt,64,2560946,45497
entropy,reuters-swap.txt,128,3855991,54893
entropy,reuters-swap.txt,256,5613242,71679
entropy,out.trackers,2,3572,223761
entropy,out.trackers,4,615309,253162
entropy,out.trackers,8,1207529,325716
entropy,out.trackers,16,1906030,468041
entropy,out.trackers,32,2748257,750811
entropy,out.trackers,64,3723073,1317197
entropy,out.trackers,128,4802678,2427842
entropy,out.trackers,256,5961544,4667716
entropy,out.trackers-swap.txt,2,36615,172530
entropy,out.trackers-swap.txt,4,1314434,177152
entropy,out.trackers-swap.txt,8,2565179,186770
entropy,out.trackers-swap.txt,16,3726530,201287
entropy,out.trackers-swap.txt,32,5027432,231421
entropy,out.trackers-swap.txt,64,6584225,285076
entropy,out.trackers-swap.txt,128,8327106,394862
entropy,out.trackers-swap.txt,256,10237304,595488
entropy,out.orkut-groupmemberships,2,1282553,410742
entropy,out.orkut-groupmemberships,4,5349825,484691
entropy,out.orkut-groupmemberships,8,11724712,656031
entropy,out.orkut-groupmemberships,16,19897207,919769
entropy,out.orkut-groupmemberships,32,28434809,1415519
entropy,out.orkut-groupmemberships,64,37762744,2285579
entropy,out.orkut-groupmemberships,128,47441526,3567534
entropy,out.orkut-groupmemberships,256,57852026,6540275
entropy,out.orkut-groupmemberships-swap.txt,2,1227493,364811
entropy,out.orkut-groupmemberships-swap.txt,4,3015009,396169
entropy,out.orkut-groupmemberships-swap.txt,8,5677452,447992
entropy,out.orkut-groupmemberships-swap.txt,16,9223655,553954
entropy,out.orkut-groupmemberships-swap.txt,32,13916285,730412
entropy,out.orkut-groupmemberships-swap.txt,64,19503372,984710
entropy,out.orkut-groupmemberships-swap.txt,128,26251443,1369079
entropy,out.orkut-groupmemberships-swap.txt,256,34237272,1963880
entropy,enwiki.txt,2,937530,429451
entropy,enwiki.txt,4,1960657,434503
entropy,enwiki.txt,8,3397636,443902
entropy,enwiki.txt,16,5269430,478837
entropy,enwiki.txt,32,7660649,513081
entropy,enwiki.txt,64,10756233,604376
entropy,enwiki.txt,128,14851607,696274
entropy,enwiki.txt,256,20443465,879770
entropy,enwiki-swap.txt,2,19025,558530
entropy,enwiki-swap.txt,4,765685,620681
entropy,enwiki-swap.txt,8,1540402,750430
entropy,enwiki-swap.txt,16,2573854,1007046
entropy,enwiki-swap.txt,32,3983209,1536842
entropy,enwiki-swap.txt,64,5784262,2523775
entropy,enwiki-swap.txt,128,8024371,4325990
entropy,enwiki-swap.txt,256,10799035,7943438
anti-basic,out.github,2,6476,357
anti-basic,out.github,4,13370,348
anti-basic,out.github,8,24767,357
anti-basic,out.github,16,39357,379
anti-basic,out.github,32,55903,433
anti-basic,out.github,64,73997,503
anti-basic,out.github,128,92969,603
anti-basic,out.github,256,114461,736
anti-basic,out.github-swap.txt,2,11039,472
anti-basic,out.github-swap.txt,4,19499,473
anti-basic,out.github-swap.txt,8,25697,462
anti-basic,out.github-swap.txt,16,34996,486
anti-basic,out.github-swap.txt,32,47850,528
anti-basic,out.github-swap.txt,64,62785,597
anti-basic,out.github-swap.txt,128,80082,691
anti-basic,out.github-swap.txt,256,98177,805
anti-basic,out.actor-movie,2,57628,1403
anti-basic,out.actor-movie,4,116880,1409
anti-basic,out.actor-movie,8,153890,1413
anti-basic,out.actor-movie,16,200920,1439
anti-basic,out.actor-movie,32,238510,1492
anti-basic,out.actor-movie,64,307119,1626
anti-basic,out.actor-movie,128,361980,1724
anti-basic,out.actor-movie,256,444280,1947
anti-basic,out.actor-movie-swap.txt,2,39250,1690
anti-basic,out.actor-movie-swap.txt,4,67456,1693
anti-basic,out.actor-movie-swap.txt,8,121984,1755
anti-basic,out.actor-movie-swap.txt,16,190414,1891
anti-basic,out.actor-movie-swap.txt,32,250507,2082
anti-basic,out.actor-movie-swap.txt,64,299142,2143
anti-basic,out.actor-movie-swap.txt,128,346903,2230
anti-basic,out.actor-movie-swap.txt,256,403031,2380
anti-basic,out.dblp-author,2,488726,17998
anti-basic,out.dblp-author,4,969257,18479
anti-basic,out.dblp-author,8,1445397,18533
anti-basic,out.dblp-author,16,1908990,16718
anti-basic,out.dblp-author,32,2279796,14875
anti-basic,out.dblp-author,64,2522819,14668
anti-basic,out.dblp-author,128,2676375,14229
anti-basic,out.dblp-author,256,2773359,13990
anti-basic,out.dblp-author-swap.txt,2,530250,23818
anti-basic,out.dblp-author-swap.txt,4,1019499,25582
anti-basic,out.dblp-author-swap.txt,8,1142424,27292
anti-basic,out.dblp-author-swap.txt,16,1294859,28070
anti-basic,out.dblp-author-swap.txt,32,1491940,28034
anti-basic,out.dblp-author-swap.txt,64,1702526,27611
anti-basic,out.dblp-author-swap.txt,128,1854912,26903
anti-basic,out.dblp-author-swap.txt,256,1988432,27262
anti-basic,reuters.txt,2,97955,64012
anti-basic,reuters.txt,4,226644,84905
anti-basic,reuters.txt,8,427819,123473
anti-basic,reuters.txt,16,717540,201183
anti-basic,reuters.txt,32,1096858,344252
anti-basic,reuters.txt,64,1563946,621304
anti-basic,reuters.txt,128,2121593,1180409
anti-basic,reuters.txt,256,2820357,3222338
anti-basic,reuters-swap.txt,2,97171,39515
anti-basic,reuters-swap.txt,4,262827,39004
anti-basic,reuters-swap.txt,8,542514,38019
anti-basic,reuters-swap.txt,16,983806,39005
anti-basic,reuters-swap.txt,32,1635034,41553
anti-basic,reuters-swap.txt,64,2565042,46368
anti-basic,reuters-swap.txt,128,3856438,55049
anti-basic,reuters-swap.txt,256,5631934,69998
anti-basic,out.trackers,2,484156,317230
anti-basic,out.trackers,4,1036109,340017
anti-basic,out.trackers,8,1778793,367908
anti-basic,out.trackers,16,2618295,496705
anti-basic,out.trackers,32,3495652,756533
anti-basic,out.trackers,64,4518485,1261773
anti-basic,out.trackers,128,5656141,2183347
anti-basic,out.trackers,256,6899560,3906222
anti-basic,out.trackers-swap.txt,2,1330144,173030
anti-basic,out.trackers-swap.txt,4,1607255,168626
anti-basic,out.trackers-swap.txt,8,2737866,169541
anti-basic,out.trackers-swap.txt,16,3857293,174997
anti-basic,out.trackers-swap.txt,32,5202236,184777
anti-basic,out.trackers-swap.txt,64,6774912,199375
anti-basic,out.trackers-swap.txt,128,8591316,223968
anti-basic,out.trackers-swap.txt,256,10571403,253051
anti-basic,out.orkut-groupmemberships,2,725370,533247
anti-basic,out.orkut-groupmemberships,4,5424059,486454
anti-basic,out.orkut-groupmemberships,8,12176093,617441
anti-basic,out.orkut-groupmemberships,16,20446808,918036
anti-basic,out.orkut-groupmemberships,32,30030771,1399455
anti-basic,out.orkut-groupmemberships,64,40065694,2096690
anti-basic,out.orkut-groupmemberships,128,50392339,3670176
anti-basic,out.orkut-groupmemberships,256,61407629,6507574
anti-basic,out.orkut-groupmemberships-swap.txt,2,997680,542953
anti-basic,out.orkut-groupmemberships-swap.txt,4,3127097,541497
anti-basic,out.orkut-groupmemberships-swap.txt,8,5884337,561172
anti-basic,out.orkut-groupmemberships-swap.txt,16,9603011,632540
anti-basic,out.orkut-groupmemberships-swap.txt,32,14330049,697641
anti-basic,out.orkut-groupmemberships-swap.txt,64,20353219,1006908
anti-basic,out.orkut-groupmemberships-swap.txt,128,27155140,1571849
anti-basic,out.orkut-groupmemberships-swap.txt,256,35418043,2111457
anti-basic,enwiki.txt,2,973937,459023
anti-basic,enwiki.txt,4,2047112,418799
anti-basic,enwiki.txt,8,3433717,411021
anti-basic,enwiki.txt,16,5327866,434986
anti-basic,enwiki.txt,32,7762145,473029
anti-basic,enwiki.txt,64,10878376,490261
anti-basic,enwiki.txt,128,15082487,652774
anti-basic,enwiki.txt,256,20775250,774076
anti-basic,enwiki-swap.txt,2,277125,937627
anti-basic,enwiki-swap.txt,4,991821,861479
anti-basic,enwiki-swap.txt,8,1837201,811036
anti-basic,enwiki-swap.txt,16,2944246,1042108
anti-basic,enwiki-swap.txt,32,4463794,1511074
anti-basic,enwiki-swap.txt,64,6361660,2558599
anti-basic,enwiki-swap.txt,128,8735560,4429883
anti-basic,enwiki-swap.txt,256,11665845,7690531
random,out.github,2,27543,240
random,out.github,4,57552,278
random,out.github,8,88803,259
random,out.github,16,122263,272
random,out.github,32,156519,288
random,out.github,64,191439,385
random,out.github,128,224266,377
random,out.github,256,252880,342
random,out.github-swap.txt,2,26292,275
random,out.github-swap.txt,4,61071,232
random,out.github-swap.txt,8,104610,202
random,out.github-swap.txt,16,155987,238
random,out.github-swap.txt,32,209930,267
random,out.github-swap.txt,64,261364,304
random,out.github-swap.txt,128,304210,262
random,out.github-swap.txt,256,334934,252
random,out.actor-movie,2,107605,789
random,out.actor-movie,4,239214,747
random,out.actor-movie,8,391846,779
random,out.actor-movie,16,555436,915
random,out.actor-movie,32,713158,874
random,out.actor-movie,64,846500,933
random,out.actor-movie,128,944490,986
random,out.actor-movie,256,1007638,1004
random,out.actor-movie-swap.txt,2,110335,594
random,out.actor-movie-swap.txt,4,284758,664
random,out.actor-movie-swap.txt,8,514131,821
random,out.actor-movie-swap.txt,16,758567,916
random,out.actor-movie-swap.txt,32,971851,1052
random,out.actor-movie-swap.txt,64,1127127,1165
random,out.actor-movie-swap.txt,128,1225492,1140
random,out.actor-movie-swap.txt,256,1281027,1139
random,out.dblp-author,2,2096724,11946
random,out.dblp-author,4,3878884,11941
random,out.dblp-author,8,5092066,12374
random,out.dblp-author,16,5815201,13288
random,out.dblp-author,32,6222616,13701
random,out.dblp-author,64,6435168,13776
random,out.dblp-author,128,6544666,13402
random,out.dblp-author,256,6600643,13365
random,out.dblp-author-swap.txt,2,1336567,11082
random,out.dblp-author-swap.txt,4,2691282,11842
random,out.dblp-author-swap.txt,8,4066518,13074
random,out.dblp-author-swap.txt,16,5429407,14899
random,out.dblp-author-swap.txt,32,6716501,15104
random,out.dblp-author-swap.txt,64,7847384,15291
random,out.dblp-author-swap.txt,128,8749713,15796
random,out.dblp-author-swap.txt,256,9394054,16914
random,reuters.txt,2,141492,14778
random,reuters.txt,4,344940,15436
random,reuters.txt,8,635305,15924
random,reuters.txt,16,1044284,17688
random,reuters.txt,32,1617071,19058
random,reuters.txt,64,2409518,19977
random,reuters.txt,128,3500814,20391
random,reuters.txt,256,4989202,22343
random,reuters-swap.txt,2,781259,17246
random,reuters-swap.txt,4,2341171,19088
random,reuters-swap.txt,8,5384947,20172
random,reuters-swap.txt,16,10880989,21094
random,reuters-swap.txt,32,19310554,22348
random,reuters-swap.txt,64,29884318,23293
random,reuters-swap.txt,128,40285271,25596
random,reuters-swap.txt,256,48531842,25677
random,out.trackers,2,3665527,82409
random,out.trackers,4,7738701,88835
random,out.trackers,8,12125895,95165
random,out.trackers,16,16712794,99685
random,out.trackers,32,21486141,103254
random,out.trackers,64,26297070,102996
random,out.trackers,128,31073575,108571
random,out.trackers,256,35702655,116151
random,out.trackers-swap.txt,2,15286895,89847
random,out.trackers-swap.txt,4,32034815,100605
random,out.trackers-swap.txt,8,48193242,108147
random,out.trackers-swap.txt,16,57896501,112094
random,out.trackers-swap.txt,32,69408285,117511
random,out.trackers-swap.txt,64,75040745,113553
random,out.trackers-swap.txt,128,81950256,111920
random,out.trackers-swap.txt,256,87003368,112920
random,out.orkut-groupmemberships,2,5726780,174204
random,out.orkut-groupmemberships,4,13879396,187372
random,out.orkut-groupmemberships,8,24514716,195024
random,out.orkut-groupmemberships,16,37414094,200162
random,out.orkut-groupmemberships,32,52343344,220171
random,out.orkut-groupmemberships,64,69241617,224146
random,out.orkut-groupmemberships,128,88149300,232292
random,out.orkut-groupmemberships,256,109077949,235014
random,out.orkut-groupmemberships-swap.txt,2,2598080,167407
random,out.orkut-groupmemberships-swap.txt,4,7348295,166892
random,out.orkut-groupmemberships-swap.txt,8,15530797,176972
random,out.orkut-groupmemberships-swap.txt,16,28786052,179621
random,out.orkut-groupmemberships-swap.txt,32,49272123,197628
random,out.orkut-groupmemberships-swap.txt,64,79446211,205636
random,out.orkut-groupmemberships-swap.txt,128,120848814,218861
random,out.orkut-groupmemberships-swap.txt,256,171128105,222524
random,enwiki.txt,2,16828780,225890
random,enwiki.txt,4,37895142,233482
random,enwiki.txt,8,62315476,244585
random,enwiki.txt,16,90055470,247414
random,enwiki.txt,32,117498786,251892
random,enwiki.txt,64,141245447,256069
random,enwiki.txt,128,163766160,251690
random,enwiki.txt,256,179998205,252692
random,enwiki-swap.txt,2,2499530,195406
random,enwiki-swap.txt,4,5380263,206668
random,enwiki-swap.txt,8,8663637,217529
random,enwiki-swap.txt,16,12415322,220517
random,enwiki-swap.txt,32,16760738,239690
random,enwiki-swap.txt,64,21893396,245075
random,enwiki-swap.txt,128,28078859,246908
random,enwiki-swap.txt,256,35656960,253945
HYPE,out.github,2,4688,1122
HYPE,out.github,4,17178,1239
HYPE,out.github,8,34439,1269
HYPE,out.github,16,55339,1128
HYPE,out.github,32,79384,847
HYPE,out.github,64,106763,1246
HYPE,out.github,128,136213,1159
HYPE,out.github,256,164411,1107
HYPE,out.github-swap.txt,2,10927,1167
HYPE,out.github-swap.txt,4,20882,1293
HYPE,out.github-swap.txt,8,35637,1282
HYPE,out.github-swap.txt,16,55938,782
HYPE,out.github-swap.txt,32,82768,1110
HYPE,out.github-swap.txt,64,113421,1087
HYPE,out.github-swap.txt,128,146440,1067
HYPE,out.github-swap.txt,256,173283,1205
HYPE,out.actor-movie,2,35292,3265
HYPE,out.actor-movie,4,100648,2441
HYPE,out.actor-movie,8,189500,2463
HYPE,out.actor-movie,16,288691,2462
HYPE,out.actor-movie,32,395094,2202
HYPE,out.actor-movie,64,499188,2967
HYPE,out.actor-movie,128,588347,2789
HYPE,out.actor-movie,256,664884,2881
HYPE,out.actor-movie-swap.txt,2,34956,3592
HYPE,out.actor-movie-swap.txt,4,87174,3664
HYPE,out.actor-movie-swap.txt,8,160529,3666
HYPE,out.actor-movie-swap.txt,16,271073,3422
HYPE,out.actor-movie-swap.txt,32,404833,2662
HYPE,out.actor-movie-swap.txt,64,516085,2810
HYPE,out.actor-movie-swap.txt,128,609692,2373
HYPE,out.actor-movie-swap.txt,256,692144,2586
HYPE,out.dblp-author,2,767580,29765
HYPE,out.dblp-author,4,1370008,29821
HYPE,out.dblp-author,8,2142201,27900
HYPE,out.dblp-author,16,2785249,40998
HYPE,out.dblp-author,32,3225521,36829
HYPE,out.dblp-author,64,3490839,30493
HYPE,out.dblp-author,128,3649036,38303
HYPE,out.dblp-author,256,3734025,38717
HYPE,out.dblp-author-swap.txt,2,340459,43067
HYPE,out.dblp-author-swap.txt,4,641526,44010
HYPE,out.dblp-author-swap.txt,8,971965,43758
HYPE,out.dblp-author-swap.txt,16,1276793,48015
HYPE,out.dblp-author-swap.txt,32,1550061,37768
HYPE,out.dblp-author-swap.txt,64,1768710,37976
HYPE,out.dblp-author-swap.txt,128,1937642,34858
HYPE,out.dblp-author-swap.txt,256,2057772,40935
HYPE,reuters.txt,2,64121,131594
HYPE,reuters.txt,4,159993,127108
HYPE,reuters.txt,8,304953,128171
HYPE,reuters.txt,16,523017,128961
HYPE,reuters.txt,32,848590,129040
HYPE,reuters.txt,64,1333248,120352
HYPE,reuters.txt,128,2038554,129171
HYPE,reuters.txt,256,3050714,129636
HYPE,reuters-swap.txt,2,160324,192639
HYPE,reuters-swap.txt,4,477196,185640
HYPE,reuters-swap.txt,8,1046364,195022
HYPE,reuters-swap.txt,16,1877496,199607
HYPE,reuters-swap.txt,32,3182636,164932
HYPE,reuters-swap.txt,64,5102140,184107
HYPE,reuters-swap.txt,128,7676261,173744
HYPE,reuters-swap.txt,256,11455659,176665
HYPE,out.trackers,2,480498,401905
HYPE,out.trackers,4,897154,376729
HYPE,out.trackers,8,1423082,381702
HYPE,out.trackers,16,2179620,383357
HYPE,out.trackers,32,3222469,371354
HYPE,out.trackers,64,4592395,396819
HYPE,out.trackers,128,6359910,387785
HYPE,out.trackers,256,8445156,387171
HYPE,out.trackers-swap.txt,2,2121275,377140
HYPE,out.trackers-swap.txt,4,3096752,422256
HYPE,out.trackers-swap.txt,8,4544180,391313
HYPE,out.trackers-swap.txt,16,6487482,432015
HYPE,out.trackers-swap.txt,32,8945905,448207
HYPE,out.trackers-swap.txt,64,11821276,428979
HYPE,out.trackers-swap.txt,128,15136184,404382
HYPE,out.trackers-swap.txt,256,18941919,457731
HYPE,out.orkut-groupmemberships,2,4539542,812655
HYPE,out.orkut-groupmemberships,4,10429716,802264
HYPE,out.orkut-groupmemberships,8,18469045,812683
HYPE,out.orkut-groupmemberships,16,29083035,827600
HYPE,out.orkut-groupmemberships,32,41673821,801352
HYPE,out.orkut-groupmemberships,64,56477606,864578
HYPE,out.orkut-groupmemberships,128,72902664,834904
HYPE,out.orkut-groupmemberships,256,91690038,930299
HYPE,out.orkut-groupmemberships-swap.txt,2,1461928,1188243
HYPE,out.orkut-groupmemberships-swap.txt,4,3865476,1038704
HYPE,out.orkut-groupmemberships-swap.txt,8,8135308,1045690
HYPE,out.orkut-groupmemberships-swap.txt,16,15578996,1128063
HYPE,out.orkut-groupmemberships-swap.txt,32,28323361,1223915
HYPE,out.orkut-groupmemberships-swap.txt,64,49486157,1270948
HYPE,out.orkut-groupmemberships-swap.txt,128,81441003,1291676
HYPE,out.orkut-groupmemberships-swap.txt,256,124286260,1325233
HYPE,enwiki.txt,2,1598335,1347903
HYPE,enwiki.txt,4,3382582,1272919
HYPE,enwiki.txt,8,5994500,1293900
HYPE,enwiki.txt,16,9674274,1332392
HYPE,enwiki.txt,32,14583499,1279736
HYPE,enwiki.txt,64,21105904,1312921
HYPE,enwiki.txt,128,29590303,1237356
HYPE,enwiki.txt,256,40333535,1133068
HYPE,enwiki-swap.txt,2,305908,1104522
HYPE,enwiki-swap.txt,4,587504,1087225
HYPE,enwiki-swap.txt,8,1166520,1042509
HYPE,enwiki-swap.txt,16,2280592,1144842
HYPE,enwiki-swap.txt,32,3938693,1095655
HYPE,enwiki-swap.txt,64,6269441,1117931
HYPE,enwiki-swap.txt,128,9441580,1039295
HYPE,enwiki-swap.txt,256,13647642,1117966
KaHyPar,wiki_new.txt,2,1976,3982
KaHyPar,wiki_new.txt,4,4855,5915
KaHyPar,wiki_new.txt,8,8884,10200
KaHyPar,wiki_new.txt,16,14109,20477
KaHyPar,wiki_new.txt,32,22796,14516
KaHyPar,wiki_new.txt,64,31649,15307
KaHyPar,wiki_new.txt,128,42050,19787
KaHyPar,wiki_new.txt,256,55021,28248
KaHyPar,wiki_new.txt-swap.txt,2,2848,3164
KaHyPar,wiki_new.txt-swap.txt,4,6857,7307
KaHyPar,wiki_new.txt-swap.txt,8,10841,13992
KaHyPar,wiki_new.txt-swap.txt,16,16934,24161
KaHyPar,wiki_new.txt-swap.txt,32,27068,12346
KaHyPar,wiki_new.txt-swap.txt,64,36310,16227
KaHyPar,wiki_new.txt-swap.txt,128,46648,21289
KaHyPar,wiki_new.txt-swap.txt,256,57385,28337
KaHyPar,out.dbpedia-location,2,108,18720
KaHyPar,out.dbpedia-location,4,269,35915
KaHyPar,out.dbpedia-location,8,431,39502
KaHyPar,out.dbpedia-location,16,746,86376
KaHyPar,out.dbpedia-location,32,1025,122852
KaHyPar,out.dbpedia-location,64,1410,123969
KaHyPar,out.dbpedia-location,128,1919,185606
KaHyPar,out.dbpedia-location,256,2554,234430
KaHyPar,out.dbpedia-location-swap.txt,2,544,3558
KaHyPar,out.dbpedia-location-swap.txt,4,810,4639
KaHyPar,out.dbpedia-location-swap.txt,8,4105,7934
KaHyPar,out.dbpedia-location-swap.txt,16,9014,11633
KaHyPar,out.dbpedia-location-swap.txt,32,13061,16215
KaHyPar,out.dbpedia-location-swap.txt,64,16522,17310
KaHyPar,out.dbpedia-location-swap.txt,128,22023,20185
KaHyPar,out.dbpedia-location-swap.txt,256,27601,24205
KaHyPar,out.github,2,1339,68989
KaHyPar,out.github,4,8528,231359
KaHyPar,out.github,8,18967,412708
KaHyPar,out.github,16,32060,763109
KaHyPar,out.github,32,45064,924331
KaHyPar,out.github,64,59304,578603
KaHyPar,out.github,128,74587,643066
KaHyPar,out.github,256,93501,727947
KaHyPar,out.github-swap.txt,2,3735,234053
KaHyPar,out.github-swap.txt,4,11712,642430
KaHyPar,out.github-swap.txt,8,20569,1223660
KaHyPar,out.github-swap.txt,16,65438,6450700
KaHyPar,out.github-swap.txt,32,101086,10522600
KaHyPar,out.github-swap.txt,64,140597,16647099
KaHyPar,out.github-swap.txt,128,195082,15084800
KaHyPar,out.github-swap.txt,256,267822,15985200
KaHyPar,out.dbpedia-team,2,3093,987740
KaHyPar,out.dbpedia-team,4,4784,1146400
KaHyPar,out.dbpedia-team,8,7835,1807790
KaHyPar,out.dbpedia-team,16,10770,2892580
KaHyPar,out.dbpedia-team,16,10770,2990920
KaHyPar,out.dbpedia-team,32,15441,6674230
KaHyPar,out.dbpedia-team,64,21043,10513800
KaHyPar,out.dbpedia-team,128,29417,14437700
KaHyPar,out.dbpedia-team,256,40466,23286700
KaHyPar,out.dbpedia-team-swap.txt,2,9483,149744
KaHyPar,out.dbpedia-team-swap.txt,4,19905,67812
KaHyPar,out.dbpedia-team-swap.txt,8,31487,49091
KaHyPar,out.dbpedia-team-swap.txt,16,40488,64499
KaHyPar,out.dbpedia-team-swap.txt,32,53856,91509
KaHyPar,out.dbpedia-team-swap.txt,64,66068,128768
KaHyPar,out.dbpedia-team-swap.txt,128,82062,133896
KaHyPar,out.dbpedia-team-swap.txt,256,105144,90484
KaHyPar,out.dblp-author,2,206551,18029000
KaHyPar,out.dblp-author,4,401620,222036000
KaHyPar,out.dblp-author,8,560823,28645100
KaHyPar,out.dblp-author,16,760533,48363900
KaHyPar,out.dblp-author,32,934851,35949300
KaHyPar,out.dblp-author,64,1100174,18115800
KaHyPar,out.dblp-author,128,1236033,13009200
KaHyPar,out.dblp-author,256,1346750,8847460
KaHyPar,out.dblp-author-swap.txt,2,65389,77542800
KaHyPar,out.dblp-author-swap.txt,4,133645,200183000
MinMax,out.github,2,10388,949
MinMax,out.github,4,27512,991
MinMax,out.github,8,45738,1426
MinMax,out.github,16,59544,2301
MinMax,out.github,32,79698,3804
MinMax,out.github,64,103887,6175
MinMax,out.github,128,125706,10701
MinMax,out.github,256,152455,17806
MinMax,out.github-swap.txt,2,16429,806
MinMax,out.github-swap.txt,4,29396,1091
MinMax,out.github-swap.txt,8,39822,1655
MinMax,out.github-swap.txt,16,65969,2479
MinMax,out.github-swap.txt,32,85336,4088
MinMax,out.github-swap.txt,64,113159,6881
MinMax,out.github-swap.txt,128,136691,11272
MinMax,out.github-swap.txt,256,166838,19825
MinMax,out.actor-movie,2,69477,2940
MinMax,out.actor-movie,4,129938,4331
MinMax,out.actor-movie,8,186185,6802
MinMax,out.actor-movie,16,226626,11437
MinMax,out.actor-movie,32,308095,20461
MinMax,out.actor-movie,64,379735,59478
MinMax,out.actor-movie,128,449617,83424
MinMax,out.actor-movie,256,534530,97311
MinMax,out.actor-movie-swap.txt,2,54060,3502
MinMax,out.actor-movie-swap.txt,4,130038,4743
MinMax,out.actor-movie-swap.txt,8,174931,7608
MinMax,out.actor-movie-swap.txt,16,282594,11565
MinMax,out.actor-movie-swap.txt,32,348775,19256
MinMax,out.actor-movie-swap.txt,64,421704,33347
MinMax,out.actor-movie-swap.txt,128,488119,61975
MinMax,out.actor-movie-swap.txt,256,588345,100773
MinMax,out.dblp-author-swap.txt,2,748955,51396
MinMax,out.dblp-author-swap.txt,4,1382508,73898
MinMax,out.dblp-author-swap.txt,8,1887953,112097
MinMax,out.dblp-author-swap.txt,16,2271269,216729
MinMax,out.dblp-author-swap.txt,32,2571688,320561
MinMax,out.dblp-author-swap.txt,64,2784645,591585
MinMax,out.dblp-author-swap.txt,128,2929496,1090264
MinMax,out.dblp-author-swap.txt,256,3029677,1882244
MinMax,reuters.txt,2,84834,80653
MinMax,reuters.txt,4,189403,116321
MinMax,reuters.txt,8,332580,195188
MinMax,reuters.txt,16,513941,376463
MinMax,reuters.txt,32,740529,799315
MinMax,reuters.txt,64,1107213,1601733
MinMax,reuters.txt,128,1681815,3068966
MinMax,reuters.txt,256,2500751,6082403
MinMax,reuters-swap.txt,2,778364,109741
MinMax,reuters-swap.txt,4,1671138,166953
MinMax,reuters-swap.txt,8,2952858,284817
MinMax,reuters-swap.txt,16,5283079,460918
MinMax,reuters-swap.txt,32,9363044,756663
MinMax,reuters-swap.txt,64,14928468,1226825
MinMax,reuters-swap.txt,128,23227860,1960012
MinMax,reuters-swap.txt,256,30933672,3182570
MinMax,out.trackers,2,1150980,396715
MinMax,out.trackers,4,3644197,501597
MinMax,out.trackers,8,5138330,722552
MinMax,out.trackers,16,5814882,1116162
MinMax,out.trackers,32,5950160,1943065
MinMax,out.trackers,64,7668463,3550810
MinMax,out.trackers,128,9863179,6381571
MinMax,out.dblp-author,2,944323,46714
MinMax,out.dblp-author,4,1741509,70449
MinMax,out.dblp-author,8,2267524,104668
MinMax,out.dblp-author,16,2660086,181784
MinMax,out.dblp-author,32,2905465,332504
MinMax,out.dblp-author,64,3004063,606847
MinMax,out.dblp-author,128,3152952,1079358
MinMax,out.dblp-author,256,3235319,1906601
MinMax,out.orkut-groupmemberships,2,4774389,834871
MinMax,out.orkut-groupmemberships,4,9016795,1347911
MinMax,out.orkut-groupmemberships,8,12899016,2371818
MinMax,out.orkut-groupmemberships,16,19920582,4444555
MinMax,out.orkut-groupmemberships,32,27615069,9034704
MinMax,out.orkut-groupmemberships,64,37737916,14590562
MinMax,out.orkut-groupmemberships,128,49254575,26884218
MinMax,out.orkut-groupmemberships,256,62378745,53238263
MinMax,enwiki.txt,2,9284999,1178019
MinMax,enwiki.txt,4,14488556,1722660
MinMax,enwiki.txt,8,18920623,2868549
MinMax,enwiki.txt,16,38955439,4238854
MinMax,enwiki.txt,32,59456031,7006816
MinMax,enwiki.txt,64,80443110,12760197
MinMax,enwiki.txt,128,101886081,22669990
MinMax,enwiki.txt,256,122970041,38519659
